id,first_name,last_name,email,gender,ip_address,count
1,Hew,Bilton,hbilton0@cpanel.net,Male,221.88.177.60,63
2,Eolande,Blain,eblain1@bigcartel.com,Female,167.116.224.27,6
3,Nevile,Hamel,nhamel2@123-reg.co.uk,Male,199.101.187.185,96
4,Lorne,Kinzett,lkinzett3@so-net.ne.jp,Bigender,112.27.59.91,82
5,Demetra,Antcliffe,dantcliffe4@surveymonkey.com,Female,176.85.141.146,81
6,Brande,Dorman,bdorman5@abc.net.au,Polygender,173.129.121.34,91
7,Tanitansy,Gotter,tgotter6@simplemachines.org,Female,172.169.10.161,23
8,Esma,Antcliffe,eantcliffe7@china.com.cn,Female,184.113.190.28,6
9,Wileen,Lithgow,wlithgow8@purevolume.com,Bigender,202.138.107.52,28
10,Fran,Eddicott,feddicott9@plala.or.jp,Female,12.106.91.145,82
11,Tracie,Illes,tillesa@mediafire.com,Male,221.128.59.81,66
12,Hanan,Dodswell,hdodswellb@ehow.com,Male,60.110.102.1,41
13,Ingra,Giff,igiffc@addtoany.com,Male,87.128.19.200,100
14,Simona,Humphries,shumphriesd@w3.org,Female,224.20.12.101,64
15,Pearline,Endrici,pendricie@linkedin.com,Female,17.236.37.198,89
16,Levin,Gronous,lgronousf@nationalgeographic.com,Male,156.134.47.197,85
17,Fawne,McGlew,fmcglewg@networksolutions.com,Female,30.45.11.148,43
18,Mendie,Riddles,mriddlesh@go.com,Male,121.44.89.168,39
19,Jarrad,Boarleyson,jboarleysoni@webmd.com,Male,210.242.204.74,84
20,Barrett,Rowsel,browselj@quantcast.com,Male,110.184.184.185,79
21,Mariel,Brunelli,mbrunellik@vk.com,Female,7.145.90.178,13
22,Albertine,Aldwinckle,aaldwincklel@dmoz.org,Female,168.160.224.171,74
23,Ronnie,Marlowe,rmarlowem@unesco.org,Female,250.33.211.115,68
24,Ellie,Cuerdall,ecuerdalln@google.it,Female,8.138.175.4,6
25,Calida,Wivell,cwivello@delicious.com,Female,11.217.81.96,68
26,Gnni,Falls,gfallsp@cbslocal.com,Female,98.155.105.89,26
27,Talyah,Slowgrave,tslowgraveq@admin.ch,Female,146.121.24.232,8
28,Karil,Shelly,kshellyr@ucoz.com,Female,40.119.206.44,85
29,Umberto,Skarman,uskarmans@about.com,Male,241.150.193.140,46
30,Cary,Axe,caxet@skype.com,Female,125.228.244.75,18
31,Corny,Marner,cmarneru@hud.gov,Male,76.87.144.107,50
32,Davina,Lintot,dlintotv@columbia.edu,Female,250.177.101.134,1
33,Jeremiah,Simoneton,jsimonetonw@ucoz.ru,Male,201.164.107.190,22
34,Maddie,Weatherhead,mweatherheadx@ftc.gov,Male,240.177.65.23,61
35,Jedidiah,Copestick,jcopesticky@mapy.cz,Male,213.177.205.252,73
36,David,Korb,dkorbz@sitemeter.com,Male,54.20.181.124,16
37,Minny,Lyard,mlyard10@census.gov,Female,129.195.232.242,7
38,Leontyne,Abbati,labbati11@cpanel.net,Female,173.17.116.94,27
39,Chrissy,Scranedge,cscranedge12@surveymonkey.com,Female,59.226.28.42,42
40,Beltran,Rulten,brulten13@jiathis.com,Male,194.28.242.21,16
41,Cassey,Beastall,cbeastall14@artisteer.com,Female,154.186.32.37,92
42,Tildy,Suggett,tsuggett15@oracle.com,Female,167.176.96.226,71
43,Maxwell,Labern,mlabern16@un.org,Genderfluid,94.153.227.31,49
44,Kandy,Sannes,ksannes17@nps.gov,Female,29.58.114.219,34
45,Marley,Pestricke,mpestricke18@utexas.edu,Female,134.156.236.17,82
46,Mahmoud,Winsbury,mwinsbury19@arizona.edu,Male,162.171.183.236,93
47,Cullin,Robertucci,crobertucci1a@homestead.com,Male,194.248.239.168,97
48,June,Leftley,jleftley1b@youtu.be,Female,147.6.98.86,57
49,Chaddie,Hatry,chatry1c@tumblr.com,Male,22.44.19.177,35
50,Clyve,Bedding,cbedding1d@illinois.edu,Male,182.224.139.43,60
51,Judah,Melly,jmelly1e@elegantthemes.com,Male,131.51.152.201,67
52,Lynnell,Mangion,lmangion1f@macromedia.com,Female,158.62.184.42,81
53,Sherrie,Peye,speye1g@europa.eu,Non-binary,27.159.24.203,90
54,Madelena,MattiCCI,mmatticci1h@photobucket.com,Female,81.114.217.250,76
55,Odie,Rothwell,orothwell1i@answers.com,Male,243.234.229.179,5
56,Cathy,Childs,cchilds1j@nytimes.com,Female,197.97.226.228,91
57,Sonnie,Hazeldean,shazeldean1k@deliciousdays.com,Female,131.160.62.121,100
58,Tybi,Hutchence,thutchence1l@google.fr,Female,74.130.202.52,62
59,Imogene,Payle,ipayle1m@jugem.jp,Female,248.83.55.18,68
60,Townsend,Astbery,tastbery1n@ameblo.jp,Male,86.186.191.30,93
61,Carrissa,Salmons,csalmons1o@youtube.com,Female,74.192.236.152,97
62,Ilyssa,Staniforth,istaniforth1p@census.gov,Female,190.144.46.68,92
63,Adrian,Bellsham,abellsham1q@nifty.com,Male,41.46.199.80,71
64,Quillan,Robillart,qrobillart1r@ocn.ne.jp,Male,32.35.22.166,22
65,Emmery,Pigott,epigott1s@twitpic.com,Male,165.198.63.156,31
66,Griff,Hestrop,ghestrop1t@oracle.com,Male,223.225.117.36,78
67,Humberto,Castellan,hcastellan1u@gmpg.org,Male,114.152.42.33,76
68,Brynne,Barwack,bbarwack1v@biblegateway.com,Female,74.70.42.218,90
69,Edin,Hackforth,ehackforth1w@sohu.com,Female,51.248.73.165,33
70,Eolanda,Stapleford,estapleford1x@cbsnews.com,Female,50.208.169.210,67
71,Elladine,Reside,ereside1y@creativecommons.org,Female,12.93.63.26,58
72,Vanni,Begent,vbegent1z@github.com,Female,176.50.250.122,74
73,Karla,Ivashin,kivashin20@time.com,Female,192.85.7.197,20
74,Sim,Foote,sfoote21@kickstarter.com,Non-binary,26.132.116.7,10
75,Gino,Allport,gallport22@google.nl,Male,129.109.165.113,88
76,Pet,Voss,pvoss23@slideshare.net,Non-binary,248.49.142.105,55
77,Kellby,Finnie,kfinnie24@un.org,Male,215.185.60.247,83
78,Del,Rings,drings25@github.io,Bigender,150.151.160.166,86
79,Miller,Barnby,mbarnby26@tiny.cc,Male,30.54.109.121,7
80,Rab,Felce,rfelce27@wired.com,Male,166.127.83.160,67
81,Richmound,Prestwich,rprestwich28@dot.gov,Male,224.226.67.185,9
82,Kaitlyn,Keune,kkeune29@pen.io,Female,43.182.207.12,89
83,Christina,Patrie,cpatrie2a@creativecommons.org,Female,238.32.14.119,48
84,Coriss,Greener,cgreener2b@sun.com,Female,150.138.127.25,71
85,Amelia,Wolters,awolters2c@github.com,Female,35.142.52.98,5
86,Charmaine,Blew,cblew2d@prweb.com,Agender,237.92.191.93,93
87,Lew,Daburn,ldaburn2e@cam.ac.uk,Male,55.110.217.37,96
88,Giordano,Woodhead,gwoodhead2f@virginia.edu,Non-binary,29.79.107.236,1
89,Pauletta,Gershom,pgershom2g@google.it,Female,70.195.83.159,82
90,Korey,Blei,kblei2h@yelp.com,Male,108.9.4.26,43
91,Gavan,Waddy,gwaddy2i@com.com,Male,111.130.226.147,80
92,Eugenius,Reder,ereder2j@miibeian.gov.cn,Male,33.90.103.199,87
93,Camella,Croisier,ccroisier2k@mlb.com,Female,14.249.126.14,87
94,Arnaldo,Nansom,anansom2l@economist.com,Male,37.170.174.26,23
95,Ric,Rubinovitsch,rrubinovitsch2m@usgs.gov,Male,110.194.214.149,48
96,Anatollo,Billam,abillam2n@statcounter.com,Male,57.139.185.11,20
97,Andree,Lapley,alapley2o@unicef.org,Female,192.124.124.5,72
98,Nappy,Widdop,nwiddop2p@yellowbook.com,Male,156.218.80.154,30
99,Igor,Hayen,ihayen2q@edublogs.org,Male,43.44.92.131,11
100,Olenka,Drinkwater,odrinkwater2r@washington.edu,Female,81.88.181.118,24
101,Giordano,Khidr,gkhidr2s@reuters.com,Male,37.154.187.77,10
102,Dierdre,Mathiasen,dmathiasen2t@icq.com,Female,234.246.127.229,24
103,Parrnell,Lemonnier,plemonnier2u@github.com,Male,79.147.119.131,36
104,Demetrius,Gelly,dgelly2v@narod.ru,Male,243.6.217.27,88
105,Kylie,Simione,ksimione2w@bandcamp.com,Female,126.218.187.32,55
106,Foster,Rosingdall,frosingdall2x@merriam-webster.com,Male,140.107.192.14,6
107,Louise,Quenell,lquenell2y@sphinn.com,Bigender,130.29.11.254,78
108,Odelinda,Teas,oteas2z@istockphoto.com,Female,247.227.158.130,64
109,Cyrille,Micheli,cmicheli30@ted.com,Male,128.255.99.138,1
110,Zackariah,De Cleyne,zdecleyne31@chron.com,Male,146.208.250.25,58
111,Shari,McAndrew,smcandrew32@yahoo.co.jp,Female,113.3.27.83,34
112,Audrie,Royce,aroyce33@ft.com,Female,150.50.17.203,72
113,Catharine,Bainbridge,cbainbridge34@addthis.com,Female,42.187.194.246,95
114,Sibelle,Landell,slandell35@usatoday.com,Agender,101.242.227.201,42
115,Virginia,Naisby,vnaisby36@vkontakte.ru,Female,57.249.188.211,5
116,Clareta,Muro,cmuro37@usgs.gov,Female,154.169.141.150,33
117,Sarajane,Toland,stoland38@dmoz.org,Female,218.104.65.15,14
118,Tremayne,Congram,tcongram39@usnews.com,Male,110.116.215.215,88
119,Kakalina,Baterip,kbaterip3a@salon.com,Female,77.74.58.39,67
120,Dominic,Hart,dhart3b@admin.ch,Male,128.206.108.168,92
121,Caressa,Ternouth,cternouth3c@ftc.gov,Female,126.205.182.132,91
122,Lazaro,Plascott,lplascott3d@npr.org,Male,160.251.158.245,64
123,Maxie,Firidolfi,mfiridolfi3e@earthlink.net,Male,90.173.66.232,15
124,Claudio,Peasby,cpeasby3f@barnesandnoble.com,Male,75.125.172.64,11
125,Tan,Trencher,ttrencher3g@hugedomains.com,Male,74.92.2.179,10
126,Harlan,Aronov,haronov3h@microsoft.com,Male,140.216.24.135,70
127,Eberhard,Simakov,esimakov3i@alibaba.com,Male,57.135.159.134,78
128,Gianni,Dust,gdust3j@amazon.de,Male,110.227.208.206,45
129,Gilberto,Gerdts,ggerdts3k@imgur.com,Male,132.75.156.209,23
130,Carly,Asmus,casmus3l@europa.eu,Male,228.157.63.180,89
131,Magnum,Brisset,mbrisset3m@icq.com,Male,42.228.156.180,77
132,Janela,Markwell,jmarkwell3n@who.int,Female,90.54.204.142,39
133,Hermann,Turbill,hturbill3o@ow.ly,Male,141.17.204.129,7
134,Henryetta,Thynne,hthynne3p@apple.com,Female,24.44.50.46,67
135,Cristen,Winpenny,cwinpenny3q@over-blog.com,Female,5.81.109.88,57
136,Oona,Seeman,oseeman3r@a8.net,Female,15.97.76.227,32
137,Robbyn,Yakushkin,ryakushkin3s@answers.com,Female,229.63.136.113,20
138,Paten,Stucke,pstucke3t@discovery.com,Polygender,183.27.44.131,48
139,Johny,Burchess,jburchess3u@shinystat.com,Male,88.45.156.243,37
140,Noell,Poller,npoller3v@harvard.edu,Female,34.169.185.144,5
141,Nathalie,Benda,nbenda3w@addtoany.com,Female,168.82.226.109,76
142,Millie,Mettetal,mmettetal3x@cafepress.com,Female,252.145.142.183,97
143,Jorey,Matuszak,jmatuszak3y@cbsnews.com,Female,102.95.47.24,4
144,Gustave,Grubbe,ggrubbe3z@bizjournals.com,Male,95.219.184.148,2
145,Guenevere,Walesby,gwalesby40@yellowpages.com,Polygender,202.111.211.221,35
146,Benjie,Gartsyde,bgartsyde41@zdnet.com,Male,217.21.2.221,28
147,Shannan,Found,sfound42@joomla.org,Male,70.49.99.10,95
148,Garry,Braker,gbraker43@soup.io,Male,252.53.246.48,59
149,Fitzgerald,Pedgrift,fpedgrift44@nba.com,Male,113.191.63.161,61
150,Flinn,Moss,fmoss45@vkontakte.ru,Male,58.2.226.38,28
151,Charlotta,Aucutt,caucutt46@squarespace.com,Female,178.180.137.188,51
152,Ulrick,Franzewitch,ufranzewitch47@cornell.edu,Male,92.0.127.53,46
153,Malvina,Bison,mbison48@slashdot.org,Female,87.27.108.186,39
154,Tammy,Farrear,tfarrear49@seattletimes.com,Female,255.112.157.250,56
155,Korney,Peete,kpeete4a@yale.edu,Female,70.210.94.140,92
156,Thedric,Portingale,tportingale4b@constantcontact.com,Male,196.0.203.33,65
157,Hesther,Butte,hbutte4c@marriott.com,Female,91.130.27.30,87
158,Mariya,Kiddie,mkiddie4d@unc.edu,Female,85.52.215.29,37
159,Reagen,Monson,rmonson4e@cnn.com,Bigender,232.21.128.40,6
160,Matthias,Ballsdon,mballsdon4f@squarespace.com,Male,148.85.225.70,50
161,Myranda,Ditter,mditter4g@tuttocitta.it,Female,78.120.157.115,38
162,Calv,Bosch,cbosch4h@walmart.com,Male,126.251.42.223,70
163,Marice,Littlekit,mlittlekit4i@alexa.com,Polygender,100.140.113.71,12
164,Tiebout,O' Meara,tomeara4j@washingtonpost.com,Male,13.150.111.31,69
165,Wyndham,Kirrage,wkirrage4k@apple.com,Male,250.146.232.213,42
166,Teddie,Tonepohl,ttonepohl4l@goodreads.com,Female,153.49.236.62,58
167,Cammi,Caccavari,ccaccavari4m@printfriendly.com,Female,7.114.218.238,28
168,Aharon,Clymer,aclymer4n@wisc.edu,Genderqueer,90.164.207.205,48
169,Jimmie,Senecaux,jsenecaux4o@patch.com,Male,229.0.171.80,35
170,Shaun,Hubbold,shubbold4p@umn.edu,Male,149.164.26.25,63
171,Cybil,Vinecombe,cvinecombe4q@ycombinator.com,Female,26.45.203.84,77
172,Vidovic,Sillick,vsillick4r@chicagotribune.com,Male,99.55.13.225,86
173,Sibel,Woolpert,swoolpert4s@jigsy.com,Bigender,109.173.91.172,5
174,Yovonnda,Bettenson,ybettenson4t@geocities.jp,Female,79.48.137.117,66
175,Karola,Emeney,kemeney4u@fda.gov,Female,54.73.4.51,76
176,Hazel,Cassells,hcassells4v@si.edu,Female,18.61.122.244,50
177,Dorise,McConway,dmcconway4w@symantec.com,Agender,34.106.205.78,35
178,Averell,Sleaford,asleaford4x@friendfeed.com,Genderfluid,28.20.179.38,29
179,Fredrika,Itter,fitter4y@hatena.ne.jp,Female,167.174.31.204,54
180,Bartolomeo,Comiskey,bcomiskey4z@symantec.com,Male,9.219.218.1,4
181,Skippy,Jeary,sjeary50@gov.uk,Male,79.112.166.33,87
182,Ninetta,Burgum,nburgum51@kickstarter.com,Female,174.38.56.25,54
183,Vidovic,Matuszynski,vmatuszynski52@psu.edu,Male,233.75.221.83,48
184,Mignon,Simpkiss,msimpkiss53@google.nl,Female,94.248.117.204,49
185,Britni,Haycock,bhaycock54@posterous.com,Female,149.41.89.233,96
186,Allianora,Balkwill,abalkwill55@biglobe.ne.jp,Female,247.73.103.26,38
187,Gayel,Ernshaw,gernshaw56@google.com.au,Female,147.226.50.71,90
188,Thornton,Ladbrook,tladbrook57@123-reg.co.uk,Male,254.93.87.190,88
189,Andree,Mitton,amitton58@linkedin.com,Female,241.31.157.131,64
190,Sabrina,Backman,sbackman59@typepad.com,Female,165.227.234.28,51
191,Cesaro,Dilawey,cdilawey5a@nba.com,Male,85.119.137.151,88
192,Lizabeth,Espada,lespada5b@webnode.com,Female,84.15.128.202,40
193,Casi,Eudall,ceudall5c@census.gov,Female,255.193.24.236,30
194,Jo-ann,Herrema,jherrema5d@seesaa.net,Genderfluid,182.132.112.142,54
195,Roley,LAbbet,rlabbet5e@hugedomains.com,Male,51.255.230.31,4
196,Jeffrey,Gemnett,jgemnett5f@boston.com,Male,0.111.72.223,14
197,Conney,Sturrock,csturrock5g@wikipedia.org,Male,6.24.136.166,43
198,Terencio,Scotland,tscotland5h@vistaprint.com,Male,236.197.101.186,98
199,Winna,MacDonough,wmacdonough5i@nydailynews.com,Female,160.194.112.203,69
200,Zsazsa,Galtone,zgaltone5j@bloomberg.com,Genderfluid,110.152.247.249,52
201,Fernando,Besque,fbesque5k@a8.net,Male,88.207.254.190,48
202,Robena,Doohan,rdoohan5l@eepurl.com,Female,227.173.109.192,44
203,Jemmie,Beyer,jbeyer5m@java.com,Bigender,68.15.201.174,63
204,Alberik,Pierce,apierce5n@privacy.gov.au,Male,248.190.247.53,79
205,Lana,Loweth,lloweth5o@ning.com,Female,172.25.45.22,51
206,Moselle,McGowran,mmcgowran5p@deviantart.com,Female,135.84.180.58,89
207,Eamon,Cod,ecod5q@dmoz.org,Male,54.136.101.35,98
208,Althea,Huxley,ahuxley5r@time.com,Female,20.201.181.81,19
209,Ava,Scruby,ascruby5s@ted.com,Female,180.72.175.194,53
210,Chlo,Eastbury,ceastbury5t@ox.ac.uk,Female,193.145.54.61,49
211,Debi,Ricciardelli,dricciardelli5u@spiegel.de,Female,253.251.250.255,55
212,Tani,Gusney,tgusney5v@ucoz.com,Female,171.240.239.156,48
213,Berkeley,Gutowski,bgutowski5w@goodreads.com,Male,6.109.145.99,1
214,Betteann,Feehery,bfeehery5x@people.com.cn,Female,151.59.71.141,74
215,Nikoletta,Viegas,nviegas5y@blinklist.com,Female,44.166.200.141,55
216,Abdul,Lejeune,alejeune5z@domainmarket.com,Male,105.59.69.177,45
217,Phillip,Chasmor,pchasmor60@soup.io,Male,112.175.126.239,80
218,Eve,Petrulis,epetrulis61@craigslist.org,Female,206.121.205.157,15
219,Gerrie,Tarbox,gtarbox62@cbc.ca,Male,100.56.176.177,11
220,Paule,Wrightam,pwrightam63@hatena.ne.jp,Female,142.187.244.136,24
221,Florence,O'Luby,foluby64@example.com,Female,138.61.34.121,24
222,Tonie,Edling,tedling65@auda.org.au,Female,82.43.216.80,54
223,Dolf,Plenderleith,dplenderleith66@cdc.gov,Male,7.225.246.201,80
224,Blisse,Dallicoat,bdallicoat67@friendfeed.com,Female,222.58.237.202,78
225,Demetris,Dunckley,ddunckley68@booking.com,Female,180.73.13.141,8
226,Broddie,Paddick,bpaddick69@independent.co.uk,Genderfluid,250.200.65.130,85
227,Roderick,Kibbel,rkibbel6a@ed.gov,Male,67.153.142.74,79
228,Frasquito,Andrus,fandrus6b@huffingtonpost.com,Male,194.212.129.187,12
229,Isobel,McGuire,imcguire6c@sakura.ne.jp,Female,214.142.149.52,50
230,Muhammad,Davids,mdavids6d@icq.com,Male,45.15.170.73,35
231,Rockwell,Rosin,rrosin6e@freewebs.com,Male,167.232.85.104,67
232,Locke,Haimes,lhaimes6f@theguardian.com,Male,115.234.49.76,9
233,Eleen,Tinsley,etinsley6g@so-net.ne.jp,Female,88.166.41.42,24
234,Carlin,Bigley,cbigley6h@google.com.br,Female,40.153.46.70,49
235,Brandice,Adamides,badamides6i@google.com,Female,41.100.153.139,93
236,Dolorita,Wyke,dwyke6j@liveinternet.ru,Female,149.66.119.212,2
237,Boothe,Awin,bawin6k@soup.io,Agender,49.118.69.167,68
238,Simonne,Pendreigh,spendreigh6l@google.com.br,Female,128.10.173.123,52
239,Mason,Mercer,mmercer6m@naver.com,Male,120.33.191.230,82
240,Vivianne,Lerwell,vlerwell6n@discuz.net,Female,79.225.171.35,41
241,Langston,Islep,lislep6o@gmpg.org,Male,25.204.70.174,19
242,Jorrie,Greenfield,jgreenfield6p@domainmarket.com,Female,204.45.227.106,60
243,Diandra,Frye,dfrye6q@reference.com,Female,171.65.213.157,94
244,Gilda,Collum,gcollum6r@reddit.com,Female,168.239.93.156,96
245,Terri-jo,Oger,toger6s@slate.com,Female,115.119.88.250,97
246,Rivkah,Conrad,rconrad6t@uiuc.edu,Female,34.182.34.107,13
247,Richardo,Elcy,relcy6u@wunderground.com,Male,15.107.2.188,55
248,Raimondo,Elphinston,relphinston6v@tripod.com,Male,13.147.209.216,53
249,Bond,Loosely,bloosely6w@slashdot.org,Male,190.76.191.24,41
250,Vasilis,Rockliffe,vrockliffe6x@elegantthemes.com,Male,60.21.61.84,2
251,Mickey,Abrashkov,mabrashkov6y@stumbleupon.com,Male,47.89.206.0,5
252,Jenny,Soldan,jsoldan6z@fema.gov,Female,113.156.145.168,34
253,Ginnie,Ginie,gginie70@163.com,Female,226.0.151.108,39
254,Binky,Appleyard,bappleyard71@google.fr,Male,220.13.247.85,64
255,Base,Vickers,bvickers72@mail.ru,Male,181.218.214.164,24
256,Israel,Rossetti,irossetti73@state.tx.us,Male,160.136.83.168,24
257,Yuma,Tordoff,ytordoff74@yahoo.com,Genderfluid,139.18.255.164,6
258,Shayla,McDade,smcdade75@archive.org,Female,70.209.97.45,80
259,Ivan,Lannin,ilannin76@fda.gov,Male,85.209.236.231,58
260,Kenton,Jovis,kjovis77@bigcartel.com,Male,249.126.42.206,24
261,Tiphanie,Blakes,tblakes78@patch.com,Agender,186.150.78.188,53
262,Sela,Larver,slarver79@github.io,Female,82.255.19.211,76
263,Livy,Bynold,lbynold7a@aboutads.info,Genderfluid,255.140.25.232,42
264,Putnam,Maskelyne,pmaskelyne7b@independent.co.uk,Male,57.71.30.87,64
265,Kenon,Allsupp,kallsupp7c@bloglines.com,Male,107.155.88.154,9
266,Angele,Swiers,aswiers7d@1und1.de,Female,1.15.4.76,72
267,Imogen,Rennles,irennles7e@examiner.com,Female,241.185.32.180,51
268,Peterus,Bolver,pbolver7f@cocolog-nifty.com,Male,17.27.244.65,91
269,Shari,Dudding,sdudding7g@tiny.cc,Female,77.117.146.224,43
270,Babita,Po,bpo7h@feedburner.com,Female,145.226.194.157,1
271,Klarika,Yeldon,kyeldon7i@guardian.co.uk,Female,77.48.54.8,48
272,Brnaba,Bradie,bbradie7j@illinois.edu,Male,41.47.229.120,32
273,Carlo,Hawksley,chawksley7k@lulu.com,Male,103.244.155.27,41
274,Shannon,Jimmes,sjimmes7l@usatoday.com,Female,52.204.29.13,69
275,Antony,Arbon,aarbon7m@ted.com,Male,193.33.168.112,67
276,Harlin,Dickens,hdickens7n@yellowpages.com,Male,0.140.9.22,75
277,Goldia,Ivetts,givetts7o@msu.edu,Agender,247.113.212.126,52
278,Bernice,Leveritt,bleveritt7p@ucla.edu,Female,91.147.160.39,84
279,Minette,Pabelik,mpabelik7q@chronoengine.com,Female,118.226.192.82,68
280,Timoteo,Burker,tburker7r@homestead.com,Male,191.87.163.52,36
281,Barty,Wabersich,bwabersich7s@ted.com,Male,231.116.180.210,6
282,Thaddus,Corp,tcorp7t@sina.com.cn,Male,140.42.99.246,91
283,Karmen,Swedeland,kswedeland7u@goo.gl,Female,214.210.203.250,32
284,Vivianne,Gaine,vgaine7v@theglobeandmail.com,Female,227.23.48.12,80
285,Skip,Polly,spolly7w@youtube.com,Male,250.183.49.3,84
286,Filia,Armitt,farmitt7x@accuweather.com,Female,167.79.126.0,11
287,Idelle,Mullard,imullard7y@dell.com,Female,174.201.78.57,93
288,Nanon,Midlane,nmidlane7z@paginegialle.it,Female,231.48.2.204,38
289,Dionne,Mussotti,dmussotti80@topsy.com,Female,159.25.49.184,99
290,Miof mela,Levesque,mlevesque81@simplemachines.org,Female,142.3.32.146,11
291,Urban,Penning,upenning82@dailymail.co.uk,Male,168.33.124.178,25
292,Arnuad,Boyda,aboyda83@blogspot.com,Male,7.87.106.251,47
293,Clary,Jolland,cjolland84@sciencedaily.com,Female,140.54.82.249,47
294,Blane,Bott,bbott85@tumblr.com,Male,128.239.114.65,63
295,Raffarty,Regenhardt,rregenhardt86@goo.ne.jp,Male,226.153.24.206,20
296,Gretel,Scrace,gscrace87@google.ru,Female,183.229.71.212,51
297,Cordie,Scanterbury,cscanterbury88@nasa.gov,Male,70.12.45.181,48
298,Carine,Roger,croger89@desdev.cn,Female,159.11.232.161,10
299,Dudley,Gregolin,dgregolin8a@answers.com,Male,14.203.116.79,38
300,Nicolas,O'Suaird,nosuaird8b@jiathis.com,Male,4.83.121.228,98
301,Cherye,Beeching,cbeeching8c@odnoklassniki.ru,Female,56.102.138.211,99
302,Justinn,Joret,jjoret8d@unesco.org,Female,165.51.180.202,62
303,Germayne,Cesco,gcesco8e@google.fr,Male,142.57.32.239,95
304,Arlyn,Lazell,alazell8f@woothemes.com,Female,70.190.178.230,86
305,Trevor,Darlow,tdarlow8g@independent.co.uk,Male,107.121.12.233,77
306,Arv,Hawkett,ahawkett8h@cargocollective.com,Male,63.226.54.116,33
307,Netti,Samber,nsamber8i@shop-pro.jp,Female,86.215.63.16,10
308,Delcine,Casone,dcasone8j@scientificamerican.com,Female,0.247.195.246,95
309,Shandie,Millhill,smillhill8k@jalbum.net,Female,204.10.246.63,83
310,Locke,Wildblood,lwildblood8l@blogs.com,Male,231.85.91.50,44
311,Fidela,Haydock,fhaydock8m@cargocollective.com,Bigender,74.168.87.198,37
312,Wayne,Standage,wstandage8n@timesonline.co.uk,Male,170.138.203.132,37
313,Katuscha,Witherop,kwitherop8o@sciencedaily.com,Female,245.228.24.23,2
314,Eugenius,Boulder,eboulder8p@alibaba.com,Male,251.31.93.203,10
315,Ambrosi,Diss,adiss8q@youku.com,Male,231.15.242.139,58
316,Anabelle,Pinn,apinn8r@csmonitor.com,Female,220.168.140.219,96
317,Kalil,Sidey,ksidey8s@prnewswire.com,Male,215.125.172.226,19
318,Chas,Wildman,cwildman8t@comsenz.com,Male,175.48.84.141,32
319,Alyda,Butchard,abutchard8u@ucoz.com,Female,110.198.166.92,78
320,Gasparo,Birkmyre,gbirkmyre8v@reverbnation.com,Male,232.15.239.46,24
321,Nerissa,Folley,nfolley8w@globo.com,Female,220.232.41.47,94
322,Kesley,Bonham,kbonham8x@yellowpages.com,Female,121.240.195.28,89
323,Ysabel,Wenzel,ywenzel8y@netlog.com,Female,52.182.30.11,59
324,Wendall,Dimberline,wdimberline8z@hc360.com,Male,15.15.108.168,80
325,Selig,Abrahmson,sabrahmson90@mapy.cz,Male,241.62.204.163,44
326,Leonid,Botten,lbotten91@over-blog.com,Male,228.191.172.183,73
327,Hugo,Marchant,hmarchant92@sogou.com,Genderfluid,44.157.147.192,42
328,Lawton,Addison,laddison93@booking.com,Male,165.244.198.104,13
329,Cara,Snoxall,csnoxall94@issuu.com,Female,228.253.76.57,95
330,Judas,Brotherhood,jbrotherhood95@illinois.edu,Male,93.218.247.191,27
331,Giana,Kerner,gkerner96@stanford.edu,Female,243.104.92.86,33
332,Ric,Fruen,rfruen97@smugmug.com,Male,16.79.201.95,55
333,Augy,Giovanardi,agiovanardi98@icq.com,Male,227.158.112.115,35
334,Tore,Harhoff,tharhoff99@youku.com,Male,11.65.146.2,37
335,Kass,Deverock,kdeverock9a@fema.gov,Genderfluid,155.63.116.250,76
336,Darcie,Runnicles,drunnicles9b@dagondesign.com,Female,76.5.122.223,38
337,Brucie,Bolitho,bbolitho9c@ftc.gov,Genderqueer,30.209.211.203,38
338,Ignacius,Ogus,iogus9d@wp.com,Male,102.246.151.93,93
339,Reinaldos,Martinon,rmartinon9e@myspace.com,Male,231.149.116.90,9
340,Farrah,Suthren,fsuthren9f@nymag.com,Bigender,247.41.231.214,97
341,Andris,Winslade,awinslade9g@constantcontact.com,Male,179.207.120.145,38
342,Elianora,Northey,enorthey9h@furl.net,Female,37.142.46.139,4
343,Wendye,Midghall,wmidghall9i@histats.com,Female,214.234.250.2,14
344,Kary,Eyam,keyam9j@gizmodo.com,Female,207.13.171.71,9
345,Boycey,Pilmer,bpilmer9k@blinklist.com,Non-binary,23.70.162.246,25
346,Silas,Kobes,skobes9l@list-manage.com,Male,170.114.70.152,39
347,Avis,Killeley,akilleley9m@oaic.gov.au,Female,121.238.66.4,27
348,Gustie,Hainge,ghainge9n@weibo.com,Female,10.3.234.65,18
349,Burtie,Brentnall,bbrentnall9o@cloudflare.com,Male,84.133.234.115,72
350,Fraze,Gergher,fgergher9p@sciencedirect.com,Male,57.243.96.211,95
351,Martin,Cheek,mcheek9q@ezinearticles.com,Male,170.31.246.215,76
352,Jayne,Blaydon,jblaydon9r@earthlink.net,Female,22.216.16.79,89
353,Godart,Cragoe,gcragoe9s@photobucket.com,Male,63.57.31.169,49
354,Aylmar,Britland,abritland9t@example.com,Male,131.252.124.75,56
355,Bryon,Martynikhin,bmartynikhin9u@dot.gov,Male,62.199.204.196,77
356,Codi,Lamerton,clamerton9v@google.nl,Bigender,181.31.105.150,24
357,Cinda,Shearsby,cshearsby9w@dell.com,Female,217.163.13.176,74
358,Diann,Folley,dfolley9x@bigcartel.com,Female,55.255.88.23,84
359,Kim,Mapes,kmapes9y@youtu.be,Male,168.213.171.109,100
360,Natassia,Chartres,nchartres9z@comcast.net,Female,232.180.82.8,60
361,Kippar,Steer,ksteera0@samsung.com,Male,175.165.53.147,60
362,Raoul,Chaudron,rchaudrona1@hugedomains.com,Male,185.207.73.47,61
363,Donnie,Shurville,dshurvillea2@irs.gov,Female,55.24.197.161,92
364,Ford,Gosnold,fgosnolda3@sourceforge.net,Male,26.66.132.57,34
365,Wilma,Gainsbury,wgainsburya4@state.tx.us,Female,187.23.27.223,39
366,Farrah,Hultberg,fhultberga5@myspace.com,Female,230.252.90.3,78
367,Gannie,Roxbrough,groxbrougha6@seattletimes.com,Male,245.114.188.189,48
368,Sarge,Anneslie,sannesliea7@odnoklassniki.ru,Male,140.239.87.246,17
369,Kelcey,Le febre,klefebrea8@surveymonkey.com,Female,174.40.227.250,17
370,Elmer,Ankrett,eankretta9@scribd.com,Male,230.39.93.196,96
371,Fidelity,McNair,fmcnairaa@tripadvisor.com,Female,16.95.52.152,91
372,Sidnee,Lattka,slattkaab@skyrock.com,Non-binary,61.191.177.98,75
373,Anjela,McKeighan,amckeighanac@kickstarter.com,Female,213.129.204.62,24
374,Alyssa,MacAdam,amacadamad@behance.net,Female,96.213.89.196,100
375,Trudy,Pettit,tpettitae@gizmodo.com,Female,242.64.98.173,38
376,Dionysus,Charle,dcharleaf@ifeng.com,Male,18.145.98.79,9
377,Karolina,Hadlow,khadlowag@surveymonkey.com,Female,0.144.11.200,66
378,Wynn,Mumby,wmumbyah@nps.gov,Male,68.124.203.90,41
379,Beau,Edgecombe,bedgecombeai@mozilla.com,Male,237.251.11.204,84
380,Sanson,Davoren,sdavorenaj@biblegateway.com,Male,152.106.55.142,92
381,Krysta,Klamman,kklammanak@mlb.com,Bigender,188.56.111.185,8
382,Beitris,Frensch,bfrenschal@tinyurl.com,Female,203.219.144.151,25
383,Nicholas,Norwell,nnorwellam@opensource.org,Male,230.167.34.112,16
384,Kacey,Menichillo,kmenichilloan@columbia.edu,Female,222.88.73.45,16
385,Lolly,Rochell,lrochellao@ebay.co.uk,Female,208.243.169.27,65
386,Frederik,Gollard,fgollardap@princeton.edu,Male,162.117.145.55,96
387,Marshall,Croxton,mcroxtonaq@wisc.edu,Male,131.205.142.0,32
388,Vanna,Siggin,vsigginar@51.la,Female,52.89.72.21,46
389,Rosalynd,Topling,rtoplingas@typepad.com,Female,253.137.181.155,80
390,Floria,Gerge,fgergeat@timesonline.co.uk,Female,1.180.231.174,10
391,Rebecka,Packwood,rpackwoodau@wired.com,Female,66.0.151.204,43
392,Klemens,Niece,knieceav@facebook.com,Male,44.97.107.158,38
393,Madelle,Cauldwell,mcauldwellaw@altervista.org,Polygender,144.64.14.45,34
394,Consuelo,Braiden,cbraidenax@wix.com,Female,248.99.92.128,35
395,Samaria,Howard - Gater,showardgateray@cbslocal.com,Genderfluid,177.42.223.121,100
396,Emalia,Salzburg,esalzburgaz@bloomberg.com,Female,64.22.10.175,96
397,Glen,Keepin,gkeepinb0@ftc.gov,Bigender,238.223.6.150,90
398,Dun,Rayhill,drayhillb1@free.fr,Male,2.73.77.204,25
399,Carrol,Buzine,cbuzineb2@scribd.com,Male,149.149.209.247,55
400,Demetris,Joselevitch,djoselevitchb3@fda.gov,Female,212.213.122.78,35
401,Kerwinn,Manifould,kmanifouldb4@tumblr.com,Male,224.30.207.14,100
402,Morly,Wedderburn,mwedderburnb5@dailymail.co.uk,Male,111.48.225.56,84
403,Neall,Stollberg,nstollbergb6@fc2.com,Male,47.181.205.226,9
404,Felicdad,Rummer,frummerb7@vimeo.com,Female,241.25.59.35,84
405,Darelle,Eubank,deubankb8@oaic.gov.au,Female,196.118.158.219,71
406,Stormie,Pouck,spouckb9@fc2.com,Female,42.182.57.146,80
407,Brianna,Gorst,bgorstba@themeforest.net,Female,155.186.67.30,19
408,Giff,Flaune,gflaunebb@live.com,Male,188.70.62.167,96
409,Haydon,Tuny,htunybc@ebay.com,Male,217.65.101.83,45
410,Romy,Ludlamme,rludlammebd@spiegel.de,Female,155.119.169.20,69
411,Lev,Pleass,lpleassbe@japanpost.jp,Male,25.12.142.33,89
412,Tiffany,Hoyles,thoylesbf@soundcloud.com,Female,131.42.85.253,84
413,Eula,Batisse,ebatissebg@scientificamerican.com,Female,67.239.57.40,47
414,Kania,Dewick,kdewickbh@zdnet.com,Female,10.13.168.93,49
415,Pacorro,Veitch,pveitchbi@mail.ru,Male,10.166.135.0,79
416,Kissee,Genge,kgengebj@webs.com,Female,132.164.194.22,65
417,Petronella,Wolstenholme,pwolstenholmebk@comcast.net,Female,55.88.187.144,57
418,Derrick,Carreyette,dcarreyettebl@dyndns.org,Polygender,194.167.143.60,2
419,Loralyn,Staniford,lstanifordbm@home.pl,Genderqueer,225.49.36.252,67
420,Thadeus,Forsyth,tforsythbn@nbcnews.com,Male,158.151.142.102,13
421,Luise,Forton,lfortonbo@accuweather.com,Female,197.48.2.51,74
422,Swen,Towner,stownerbp@dagondesign.com,Male,142.211.220.151,96
423,Shaina,Pashe,spashebq@baidu.com,Female,60.111.14.104,2
424,Jedd,Vinsen,jvinsenbr@dagondesign.com,Male,24.250.80.224,53
425,Myrtia,Jeal,mjealbs@cyberchimps.com,Female,214.206.251.106,83
426,Hubie,Chance,hchancebt@google.ca,Male,100.91.47.18,68
427,Cordi,Iddon,ciddonbu@columbia.edu,Female,8.176.209.91,16
428,Lisetta,Marlin,lmarlinbv@home.pl,Female,14.88.116.66,13
429,Danyette,Tolwood,dtolwoodbw@sohu.com,Female,152.71.233.73,94
430,Ellery,Proschke,eproschkebx@fc2.com,Male,62.182.89.235,63
431,Kain,Chauvey,kchauveyby@china.com.cn,Male,129.3.220.11,32
432,Lothaire,de Broke,ldebrokebz@people.com.cn,Male,230.227.142.60,97
433,Carree,Barras,cbarrasc0@g.co,Female,40.156.55.101,78
434,Wald,Maken,wmakenc1@archive.org,Male,228.114.65.93,52
435,Ynes,Caudelier,ycaudelierc2@google.com,Female,147.237.115.77,88
436,Aldrich,Holbury,aholburyc3@census.gov,Male,249.68.130.155,22
437,Leeann,Markovich,lmarkovichc4@theglobeandmail.com,Female,13.197.99.52,57
438,Freddy,Fratczak,ffratczakc5@cafepress.com,Female,136.93.207.125,77
439,Atalanta,Callear,acallearc6@amazon.co.uk,Female,181.180.101.175,48
440,Bobbi,Yukhnov,byukhnovc7@twitpic.com,Female,5.32.189.212,81
441,Phaidra,Stenhouse,pstenhousec8@ehow.com,Female,249.92.82.121,83
442,Tildi,Monelle,tmonellec9@marriott.com,Female,113.235.188.155,47
443,Reagan,Atack,ratackca@chron.com,Male,239.173.75.99,11
444,Gordie,Rounsefull,grounsefullcb@marriott.com,Male,159.21.132.160,71
445,Kali,Norssister,knorssistercc@mozilla.org,Female,14.247.31.232,20
446,Alika,Rivallant,arivallantcd@weebly.com,Female,10.45.16.170,47
447,Jameson,Bellam,jbellamce@nhs.uk,Male,255.217.94.183,15
448,Cherise,Dunckley,cdunckleycf@blogspot.com,Female,22.45.230.125,15
449,Benyamin,Jennings,bjenningscg@simplemachines.org,Male,17.6.4.12,6
450,Shani,Fenn,sfennch@wordpress.com,Female,254.230.151.21,78
451,Christy,Greetland,cgreetlandci@google.com,Female,195.58.22.194,45
452,Selestina,Judkins,sjudkinscj@adobe.com,Female,39.252.186.247,67
453,Isabelita,Aimer,iaimerck@abc.net.au,Female,176.186.164.52,20
454,Anetta,Fullbrook,afullbrookcl@dedecms.com,Female,170.208.16.127,23
455,Evangelia,Lacaze,elacazecm@newyorker.com,Agender,111.86.212.216,26
456,Adrianne,Toupe,atoupecn@taobao.com,Female,56.228.166.244,41
457,Port,Gives,pgivesco@amazonaws.com,Male,152.116.161.141,93
458,Vivianna,Shanahan,vshanahancp@yelp.com,Female,93.11.81.180,54
459,Ainsley,Rowan,arowancq@amazonaws.com,Female,88.160.255.157,26
460,Claus,Kimbrey,ckimbreycr@163.com,Male,131.145.15.105,6
461,Mariana,Perrycost,mperrycostcs@epa.gov,Female,82.238.14.106,51
462,Lyn,Oliveti,lolivetict@theglobeandmail.com,Bigender,61.79.95.38,8
463,Phip,Wisbey,pwisbeycu@cnbc.com,Male,175.20.191.80,67
464,Katalin,Pavlik,kpavlikcv@desdev.cn,Female,132.226.236.113,43
465,Cristi,Finlator,cfinlatorcw@odnoklassniki.ru,Female,190.123.79.144,73
466,Neils,Jenoure,njenourecx@smh.com.au,Male,17.250.239.104,86
467,Arnaldo,Shillan,ashillancy@51.la,Male,176.178.246.30,48
468,Germain,Lamas,glamascz@mit.edu,Female,145.74.63.80,75
469,Beitris,Trimble,btrimbled0@smh.com.au,Female,209.210.55.52,63
470,Reider,McGeffen,rmcgeffend1@auda.org.au,Male,137.167.119.96,7
471,Hamel,Brugemann,hbrugemannd2@pagesperso-orange.fr,Male,140.30.131.42,75
472,Julie,McCorkindale,jmccorkindaled3@rediff.com,Female,104.197.232.242,99
473,Greer,Graeber,ggraeberd4@hatena.ne.jp,Female,37.218.214.63,36
474,Boone,Jakubiak,bjakubiakd5@shop-pro.jp,Male,48.44.238.178,23
475,Cullen,Scoon,cscoond6@360.cn,Male,78.133.238.139,92
476,Willa,Foskin,wfoskind7@narod.ru,Female,134.115.211.186,3
477,Freddy,Pau,fpaud8@dedecms.com,Female,240.223.191.81,65
478,Arline,Locker,alockerd9@tamu.edu,Female,154.157.94.65,69
479,Glen,Lillo,glilloda@arizona.edu,Female,151.203.47.138,33
480,Patty,McBryde,pmcbrydedb@psu.edu,Male,74.124.144.21,40
481,Frazier,Bocking,fbockingdc@who.int,Male,80.53.183.158,80
482,Zorah,Tinson,ztinsondd@cpanel.net,Bigender,32.1.12.76,8
483,Daniella,Capey,dcapeyde@qq.com,Female,155.159.157.119,15
484,Hailey,Beacon,hbeacondf@yahoo.co.jp,Polygender,136.152.149.145,80
485,Ignacius,Goodred,igoodreddg@example.com,Male,252.201.106.67,75
486,Claiborne,Summerhayes,csummerhayesdh@uol.com.br,Male,157.3.103.133,40
487,Koren,Stocks,kstocksdi@myspace.com,Female,240.96.47.104,92
488,Tessy,Moran,tmorandj@prnewswire.com,Non-binary,244.12.250.206,68
489,Abrahan,Khosa,akhosadk@yellowbook.com,Male,246.17.142.242,78
490,Deina,Torald,dtoralddl@java.com,Female,83.36.193.204,61
491,Sean,Binns,sbinnsdm@booking.com,Non-binary,146.23.89.150,60
492,Mendel,Camidge,mcamidgedn@simplemachines.org,Male,247.7.43.135,46
493,Gene,Varnes,gvarnesdo@theglobeandmail.com,Female,180.92.227.240,40
494,Wilmar,Kennington,wkenningtondp@amazon.com,Male,164.242.114.36,85
495,Lorne,Stannus,lstannusdq@naver.com,Female,242.70.235.58,16
496,Domenic,Cromb,dcrombdr@netlog.com,Male,24.39.30.207,50
497,Lucina,Tedstone,ltedstoneds@scribd.com,Female,180.11.91.156,24
498,Marjy,Swinfon,mswinfondt@merriam-webster.com,Female,133.54.124.17,59
499,Honey,Stirzaker,hstirzakerdu@nhs.uk,Female,139.24.15.188,16
500,Perri,Reely,preelydv@webmd.com,Female,35.227.81.110,50
501,Justinn,Pugh,jpughdw@geocities.jp,Female,174.66.115.214,67
502,Benny,Ravenshaw,bravenshawdx@photobucket.com,Male,204.135.25.75,64
503,Milzie,Waddicor,mwaddicordy@about.com,Female,97.49.161.140,63
504,Carola,Reddish,creddishdz@gov.uk,Female,23.252.74.124,70
505,Franchot,Pinwell,fpinwelle0@imageshack.us,Male,36.211.227.233,23
506,Fax,Buttrick,fbuttricke1@msn.com,Male,4.166.188.19,61
507,Cooper,Rowlstone,crowlstonee2@zimbio.com,Male,26.130.64.29,75
508,Ermengarde,Casella,ecasellae3@opensource.org,Female,219.12.30.139,84
509,Graham,Batchellor,gbatchellore4@hp.com,Male,226.221.225.129,76
510,Robbie,Pelham,rpelhame5@de.vu,Female,127.37.76.172,69
511,Georgine,Borer,gborere6@time.com,Female,227.97.138.70,29
512,Lorens,Lindholm,llindholme7@sphinn.com,Male,196.18.219.93,67
513,Dene,Garforth,dgarforthe8@nyu.edu,Genderfluid,10.127.218.103,8
514,Gavin,Chesshyre,gchesshyree9@storify.com,Agender,234.30.90.74,25
515,North,Salters,nsaltersea@ning.com,Male,146.15.177.15,42
516,Andeee,Lawie,alawieeb@qq.com,Genderfluid,198.168.71.57,29
517,Blithe,McWilliam,bmcwilliamec@dot.gov,Female,216.238.160.65,18
518,Brady,Hendriks,bhendriksed@google.co.uk,Male,114.246.15.82,86
519,Valry,Nickless,vnicklessee@linkedin.com,Genderqueer,121.176.160.186,90
520,Antony,O'Nolan,aonolanef@google.fr,Male,251.207.242.126,25
521,Gayle,Clements,gclementseg@e-recht24.de,Male,84.12.98.156,46
522,Fancie,Andrysek,fandrysekeh@nationalgeographic.com,Female,78.22.158.150,51
523,Mamie,Kahan,mkahanei@ocn.ne.jp,Female,30.72.48.30,22
524,Bethany,Latchmore,blatchmoreej@github.io,Female,153.110.114.252,91
525,Hersh,Bearns,hbearnsek@tinyurl.com,Male,208.76.244.104,39
526,Hilda,Kastel,hkastelel@hud.gov,Female,218.64.207.76,95
527,Balduin,Milmith,bmilmithem@e-recht24.de,Bigender,14.171.198.183,37
528,Kristofor,Buche,kbucheen@digg.com,Male,238.6.143.251,95
529,Fowler,Glader,fgladereo@fastcompany.com,Male,95.56.165.226,14
530,Ive,Gainsbury,igainsburyep@ycombinator.com,Male,123.56.177.134,12
531,Wake,Cowlin,wcowlineq@nature.com,Male,208.4.104.218,19
532,Amanda,Pollen,apollener@oracle.com,Female,12.155.33.131,6
533,Clarine,Luckes,cluckeses@wisc.edu,Polygender,123.104.26.171,62
534,Elysia,Franceschino,efranceschinoet@tuttocitta.it,Female,74.55.9.70,82
535,Bat,Dimnage,bdimnageeu@elpais.com,Male,154.155.196.5,91
536,Jarib,Poli,jpoliev@barnesandnoble.com,Male,44.145.38.87,55
537,Delmer,Keble,dkebleew@zdnet.com,Male,164.83.113.39,97
538,Gerard,Stillgoe,gstillgoeex@arizona.edu,Male,3.65.76.246,21
539,Tabatha,Grinnell,tgrinnelley@baidu.com,Female,177.92.47.166,97
540,Rozina,Edelheit,redelheitez@cloudflare.com,Female,238.84.236.130,20
541,Tallie,McKillop,tmckillopf0@reference.com,Female,212.251.85.58,7
542,Jori,Rodnight,jrodnightf1@auda.org.au,Female,139.224.240.222,63
543,Venita,Ruzic,vruzicf2@qq.com,Female,76.231.220.167,45
544,Nariko,Jilliss,njillissf3@wired.com,Female,214.113.85.100,50
545,Sioux,Eyrl,seyrlf4@odnoklassniki.ru,Female,114.49.219.2,90
546,Care,Hatley,chatleyf5@mtv.com,Male,67.201.185.107,70
547,Shurlocke,McAirt,smcairtf6@examiner.com,Male,93.113.10.85,19
548,Tracee,Olekhov,tolekhovf7@meetup.com,Female,206.253.74.240,67
549,Natalya,Riggert,nriggertf8@domainmarket.com,Female,226.152.140.53,50
550,Durward,Cristofori,dcristoforif9@webs.com,Male,202.85.132.212,18
551,Rosella,Ricioppo,rricioppofa@dedecms.com,Female,42.168.185.143,34
552,Ricky,Mackrell,rmackrellfb@fastcompany.com,Male,149.58.219.180,67
553,Hazel,Babon,hbabonfc@360.cn,Male,235.117.144.153,5
554,Julee,Geere,jgeerefd@guardian.co.uk,Female,211.242.153.76,70
555,Felix,Colly,fcollyfe@1688.com,Male,200.14.195.81,58
556,Alisha,Scurr,ascurrff@purevolume.com,Female,224.234.154.75,75
557,Maryanna,Autin,mautinfg@dyndns.org,Female,32.40.147.171,89
558,Hewie,Braunstein,hbraunsteinfh@w3.org,Genderfluid,194.184.175.54,66
559,June,Joslin,jjoslinfi@amazon.com,Female,169.44.68.8,15
560,Genovera,Lanfear,glanfearfj@illinois.edu,Female,110.177.214.6,11
561,Maura,Anglin,manglinfk@seattletimes.com,Female,225.92.187.126,79
562,Laryssa,Camies,lcamiesfl@xing.com,Female,119.101.170.210,29
563,Lindi,Wharton,lwhartonfm@printfriendly.com,Genderqueer,244.131.234.224,6
564,Irv,Patshull,ipatshullfn@who.int,Male,67.96.36.191,33
565,Shanna,Cahey,scaheyfo@mayoclinic.com,Female,32.156.164.68,69
566,Curt,Mepsted,cmepstedfp@vistaprint.com,Male,65.109.186.222,65
567,Fallon,Stubbeley,fstubbeleyfq@mit.edu,Female,43.62.129.234,3
568,Mauricio,Cratchley,mcratchleyfr@over-blog.com,Male,113.131.11.46,68
569,Kare,Heineking,kheinekingfs@mlb.com,Polygender,144.162.216.1,46
570,Muhammad,Hazelby,mhazelbyft@who.int,Male,40.187.208.199,18
571,Eimile,Meadowcraft,emeadowcraftfu@ycombinator.com,Female,87.50.122.34,59
572,Addy,Gladdish,agladdishfv@mac.com,Male,15.156.114.108,43
573,Barbabas,Jephcott,bjephcottfw@webnode.com,Male,197.139.17.200,80
574,Horatio,Cashmore,hcashmorefx@cocolog-nifty.com,Male,138.227.104.26,76
575,Ignazio,Gile,igilefy@altervista.org,Male,206.175.23.37,70
576,Willy,McGee,wmcgeefz@dailymail.co.uk,Female,88.218.67.13,15
577,Wilhelmina,Clash,wclashg0@abc.net.au,Female,233.233.109.240,31
578,Birgitta,O'Scanlon,boscanlong1@tamu.edu,Female,203.238.71.176,93
579,Henri,Drews,hdrewsg2@rambler.ru,Male,30.228.104.1,48
580,Hermann,Valett,hvalettg3@liveinternet.ru,Male,22.37.63.234,25
581,Roland,Petrovsky,rpetrovskyg4@ask.com,Male,123.177.203.9,37
582,Yoko,Smiz,ysmizg5@wikia.com,Female,111.116.238.83,13
583,Gabriele,Tregale,gtregaleg6@xinhuanet.com,Male,166.155.1.245,26
584,Genevra,Lipprose,glipproseg7@shop-pro.jp,Female,12.254.253.144,7
585,Aurora,Dorre,adorreg8@domainmarket.com,Female,98.61.157.138,37
586,Billy,MacLleese,bmaclleeseg9@marriott.com,Male,212.80.117.115,20
587,Venus,Swinglehurst,vswinglehurstga@mlb.com,Female,128.177.132.101,46
588,Bernardo,Beckles,bbecklesgb@slashdot.org,Male,88.7.182.86,28
589,Murdoch,Crossfeld,mcrossfeldgc@trellian.com,Male,75.49.38.149,31
590,Amandy,Pawlick,apawlickgd@youtu.be,Female,63.146.60.245,30
591,Devlin,Brown,dbrownge@fc2.com,Male,217.149.77.143,43
592,Madeleine,Kelcey,mkelceygf@bloomberg.com,Female,179.128.121.183,7
593,Cortie,Nurny,cnurnygg@indiegogo.com,Male,186.34.11.71,19
594,Kylila,Tuplin,ktuplingh@hugedomains.com,Female,103.156.182.53,74
595,Karleen,Le Frank,klefrankgi@oakley.com,Female,139.73.194.4,6
596,Tybie,Castella,tcastellagj@fda.gov,Female,189.129.114.191,24
597,Lindi,McCamish,lmccamishgk@unblog.fr,Female,229.71.158.159,22
598,Sunny,Lowndesbrough,slowndesbroughgl@facebook.com,Agender,214.75.146.173,85
599,Abelard,Skellion,askelliongm@independent.co.uk,Male,150.239.205.162,10
600,Mata,Brimble,mbrimblegn@plala.or.jp,Male,239.149.170.225,2
601,Ynez,Chavez,ychavezgo@nifty.com,Female,166.126.79.22,57
602,Whittaker,Mabbot,wmabbotgp@abc.net.au,Male,157.238.213.150,22
603,Hilda,Geraudy,hgeraudygq@joomla.org,Female,46.126.93.8,37
604,Celia,Gisbye,cgisbyegr@si.edu,Female,150.87.70.80,84
605,Gilberta,Geffe,ggeffegs@stanford.edu,Female,22.28.108.163,30
606,Scot,Jorat,sjoratgt@google.nl,Male,218.119.99.95,61
607,Chet,Vayne,cvaynegu@craigslist.org,Male,193.149.168.225,96
608,Jodi,McBoyle,jmcboylegv@dyndns.org,Male,120.123.39.168,87
609,Tamra,Reedy,treedygw@digg.com,Female,238.254.232.24,37
610,Keenan,Schorah,kschorahgx@facebook.com,Male,80.243.165.235,54
611,Frazier,Brentnall,fbrentnallgy@forbes.com,Male,85.175.24.243,2
612,Elsie,Adamovitz,eadamovitzgz@microsoft.com,Female,136.143.22.218,47
613,Lyndsie,Goodby,lgoodbyh0@163.com,Female,4.49.88.77,34
614,Alica,Eagleton,aeagletonh1@wordpress.com,Female,149.59.242.180,37
615,Abram,Junes,ajunesh2@deliciousdays.com,Agender,159.250.221.96,92
616,Waylon,MacCracken,wmaccrackenh3@scribd.com,Male,124.184.75.216,49
617,Franklyn,Hearn,fhearnh4@ted.com,Male,231.190.188.30,42
618,Jan,Edmott,jedmotth5@ucla.edu,Male,119.219.170.248,25
619,Ingrid,Pain,ipainh6@tripadvisor.com,Female,149.153.110.157,92
620,Brandyn,Perazzo,bperazzoh7@earthlink.net,Male,26.137.251.133,19
621,Jill,Kelcey,jkelceyh8@reuters.com,Female,95.232.172.19,38
622,Gizela,Leadbetter,gleadbetterh9@phoca.cz,Female,120.42.208.141,62
623,Godfry,Powles,gpowlesha@webnode.com,Male,185.246.151.175,7
624,Rolland,Morant,rmoranthb@nih.gov,Male,28.161.63.20,48
625,Yevette,Grooby,ygroobyhc@tiny.cc,Female,168.179.98.130,96
626,Ketti,Percival,kpercivalhd@cornell.edu,Female,24.89.93.130,89
627,Lydia,Gorner,lgornerhe@homestead.com,Female,222.168.224.125,42
628,Ermin,Cashford,ecashfordhf@simplemachines.org,Male,17.237.241.210,11
629,Jenifer,Sutworth,jsutworthhg@wisc.edu,Genderqueer,39.176.135.153,23
630,Wells,Lilleman,wlillemanhh@nifty.com,Male,240.199.67.140,12
631,Leanna,Popescu,lpopescuhi@toplist.cz,Female,14.199.223.211,31
632,Englebert,Fessler,efesslerhj@icio.us,Male,217.51.145.133,29
633,Kelley,Stammers,kstammershk@apache.org,Female,123.226.39.73,63
634,Melita,Moult,mmoulthl@shop-pro.jp,Polygender,155.29.210.187,47
635,Cymbre,Rossbrooke,crossbrookehm@noaa.gov,Female,229.240.13.131,35
636,Hedvige,Brougham,hbroughamhn@ycombinator.com,Female,103.24.200.76,90
637,Daloris,Kenewel,dkenewelho@godaddy.com,Female,5.17.74.241,21
638,Edmon,Witling,ewitlinghp@epa.gov,Bigender,123.0.93.154,84
639,Waylen,Legerton,wlegertonhq@shop-pro.jp,Genderfluid,255.252.12.47,22
640,Leone,Buckingham,lbuckinghamhr@mapquest.com,Female,242.243.116.49,61
641,Tripp,Riping,tripinghs@npr.org,Male,211.249.127.138,85
642,Errol,Pescod,epescodht@symantec.com,Male,17.193.1.138,65
643,Francis,McAloren,fmcalorenhu@webmd.com,Male,47.218.151.159,54
644,Rosmunda,Alday,raldayhv@skype.com,Female,88.129.202.134,53
645,Haleigh,Boffin,hboffinhw@whitehouse.gov,Male,89.242.110.175,86
646,Peterus,Elfe,pelfehx@umn.edu,Male,223.49.216.163,18
647,Nananne,Borthram,nborthramhy@canalblog.com,Female,0.93.102.27,45
648,Alaster,Yeaman,ayeamanhz@toplist.cz,Male,217.121.254.22,68
649,Torrance,Quin,tquini0@wired.com,Male,138.66.158.121,13
650,Earl,Anglim,eanglimi1@unicef.org,Male,20.240.184.47,18
651,Pierre,Sharland,psharlandi2@guardian.co.uk,Male,222.107.139.54,59
652,Keith,Kobieriecki,kkobierieckii3@freewebs.com,Male,217.107.221.242,28
653,Idette,Wakeman,iwakemani4@dedecms.com,Female,214.8.120.33,69
654,Tamera,Marle,tmarlei5@dell.com,Female,100.46.123.1,29
655,Mersey,Graybeal,mgraybeali6@jiathis.com,Female,127.102.19.162,73
656,Ally,Hobble,ahobblei7@mac.com,Female,98.177.244.130,6
657,Peggie,Reddle,preddlei8@army.mil,Female,204.100.15.88,59
658,Saraann,Haggerstone,shaggerstonei9@bloglines.com,Bigender,240.243.4.199,4
659,Billie,Boosey,bbooseyia@scribd.com,Genderfluid,249.53.79.239,11
660,Garv,Gillooly,ggilloolyib@dyndns.org,Male,89.62.159.26,5
661,Hirsch,Suche,hsucheic@surveymonkey.com,Male,38.65.138.51,77
662,Glynnis,Demke,gdemkeid@nih.gov,Female,254.151.68.125,60
663,Riva,Beauly,rbeaulyie@rambler.ru,Female,168.160.49.122,53
664,Reinwald,Deetlefs,rdeetlefsif@loc.gov,Bigender,115.26.221.154,52
665,Frazer,Vasyutkin,fvasyutkinig@washingtonpost.com,Male,155.230.22.139,50
666,Regan,Tipperton,rtippertonih@hp.com,Female,126.38.136.164,82
667,Dyna,Paireman,dpairemanii@studiopress.com,Genderqueer,203.251.44.172,48
668,Perri,Sendall,psendallij@diigo.com,Female,66.87.3.224,60
669,Gilberto,Kaman,gkamanik@soundcloud.com,Male,94.111.155.5,20
670,Mignon,Peppard,mpeppardil@youtube.com,Female,104.75.110.188,43
671,Woodrow,Labes,wlabesim@jiathis.com,Male,76.86.114.118,77
672,Jessy,Tomeo,jtomeoin@adobe.com,Female,56.192.47.145,24
673,Roderic,Morphet,rmorphetio@illinois.edu,Male,236.121.23.242,21
674,Meir,Juarez,mjuarezip@opera.com,Male,206.149.154.28,73
675,Zacharias,Feehan,zfeehaniq@clickbank.net,Male,255.77.64.34,86
676,Lyman,Rounsefull,lrounsefullir@dropbox.com,Male,181.12.36.72,15
677,Lewie,Doodney,ldoodneyis@fotki.com,Genderqueer,31.241.29.123,32
678,Lucila,Trodler,ltrodlerit@live.com,Non-binary,1.33.11.177,58
679,Pierrette,Burde,pburdeiu@virginia.edu,Female,13.75.169.246,34
680,Ralph,Canada,rcanadaiv@google.es,Male,78.183.17.238,96
681,Wilfred,Antonin,wantoniniw@tiny.cc,Genderqueer,57.232.232.79,2
682,Frasco,Beidebeke,fbeidebekeix@fda.gov,Male,28.14.145.64,60
683,Gabrielle,Iorizzo,giorizzoiy@reddit.com,Female,199.156.229.43,65
684,Adele,Cubbin,acubbiniz@mozilla.com,Female,184.34.158.14,10
685,Alec,Baynon,abaynonj0@ftc.gov,Male,40.105.4.234,33
686,Witty,Batsford,wbatsfordj1@jiathis.com,Agender,62.42.44.59,55
687,Trudy,Quinell,tquinellj2@independent.co.uk,Female,185.19.209.246,51
688,Roger,Fennelow,rfennelowj3@un.org,Male,223.35.111.165,74
689,Demetre,Damiata,ddamiataj4@vinaora.com,Non-binary,206.88.72.254,44
690,Henri,Fitchett,hfitchettj5@weebly.com,Polygender,158.192.225.146,21
691,Neel,Litel,nlitelj6@rediff.com,Male,60.123.130.213,79
692,Gaston,Templeton,gtempletonj7@harvard.edu,Male,16.174.36.57,30
693,Durant,Roobottom,droobottomj8@theglobeandmail.com,Male,147.183.220.232,23
694,Warde,World,wworldj9@edublogs.org,Male,136.89.248.20,94
695,Joyce,Blackaby,jblackabyja@canalblog.com,Female,241.211.56.113,19
696,Jim,Goodright,jgoodrightjb@123-reg.co.uk,Male,97.32.8.101,64
697,Alana,Clutten,acluttenjc@github.io,Female,23.42.36.27,77
698,Betti,Tire,btirejd@prweb.com,Female,180.219.169.255,20
699,Luella,Ramelot,lramelotje@issuu.com,Female,46.159.12.65,87
700,Jeana,McCollum,jmccollumjf@webs.com,Female,207.84.145.248,20
701,Hamnet,Van den Bosch,hvandenboschjg@forbes.com,Genderfluid,40.80.68.65,72
702,Barnaby,Killough,bkilloughjh@gravatar.com,Male,60.216.163.66,14
703,Constantino,Westgarth,cwestgarthji@cbsnews.com,Male,235.176.70.93,18
704,Melosa,Daltrey,mdaltreyjj@webs.com,Female,218.171.27.169,12
705,Herculie,Jennions,hjennionsjk@google.ru,Male,64.63.232.99,97
706,Dorena,Yannikov,dyannikovjl@bloglines.com,Female,46.26.1.33,7
707,Terence,Kirkhouse,tkirkhousejm@columbia.edu,Male,37.244.51.108,56
708,Essie,Sanson,esansonjn@kickstarter.com,Female,90.113.87.98,13
709,Trix,Drysdale,tdrysdalejo@google.de,Female,233.27.222.152,98
710,Petronilla,O'Gaven,pogavenjp@alexa.com,Female,212.191.114.222,35
711,Dov,Goalby,dgoalbyjq@blogger.com,Male,66.225.58.225,93
712,Egor,Leopold,eleopoldjr@mysql.com,Male,65.211.119.72,37
713,Codi,Petett,cpetettjs@indiatimes.com,Male,187.136.92.119,54
714,Ryley,Stringman,rstringmanjt@google.es,Male,179.11.208.134,98
715,Rasia,McMylor,rmcmylorju@vimeo.com,Female,171.213.89.78,41
716,Othilia,Cropton,ocroptonjv@is.gd,Female,52.219.67.44,85
717,Obadiah,Roalfe,oroalfejw@gravatar.com,Male,47.0.199.147,47
718,Nickolai,Faas,nfaasjx@nytimes.com,Male,130.26.249.107,24
719,Israel,Roundtree,iroundtreejy@macromedia.com,Male,246.151.107.140,40
720,Farley,Lawley,flawleyjz@technorati.com,Male,227.157.66.215,88
721,Bonnibelle,Pochon,bpochonk0@alexa.com,Female,200.100.204.233,73
722,Herold,Crampton,hcramptonk1@yandex.ru,Genderqueer,172.89.229.38,44
723,Harrietta,Boydle,hboydlek2@yelp.com,Female,158.205.61.125,91
724,Perrine,Iacovini,piacovinik3@home.pl,Female,138.185.229.60,85
725,Brewster,Yezafovich,byezafovichk4@wp.com,Male,29.58.118.41,48
726,Vinnie,Townes,vtownesk5@surveymonkey.com,Polygender,100.145.135.220,65
727,Peder,Ould,pouldk6@squarespace.com,Male,51.11.86.113,1
728,Mark,Humburton,mhumburtonk7@time.com,Polygender,43.231.117.162,67
729,Davita,Matyasik,dmatyasikk8@hugedomains.com,Female,17.38.76.253,30
730,Averil,Plowes,aplowesk9@icio.us,Male,51.43.20.110,98
731,Albert,Hissie,ahissieka@about.com,Male,174.197.87.252,82
732,Farica,Alexsandrowicz,falexsandrowiczkb@weibo.com,Female,65.155.36.134,47
733,Bobbie,Franzini,bfranzinikc@booking.com,Male,253.8.172.227,41
734,Meagan,Dobinson,mdobinsonkd@linkedin.com,Female,175.76.88.189,30
735,Paten,Ferrolli,pferrollike@istockphoto.com,Male,135.215.52.243,18
736,Libby,Matchett,lmatchettkf@indiegogo.com,Agender,25.132.76.58,88
737,Kimberli,Blackaller,kblackallerkg@jimdo.com,Female,200.139.253.23,48
738,Mohammed,Basnett,mbasnettkh@yale.edu,Male,61.52.46.212,18
739,Elisabet,Comellini,ecomelliniki@technorati.com,Female,174.112.111.125,89
740,Natty,Morgan,nmorgankj@google.ca,Male,201.150.212.85,26
741,Beth,Kolodziej,bkolodziejkk@amazon.de,Female,17.210.133.246,91
742,Horatia,Ashleigh,hashleighkl@youku.com,Female,132.82.119.230,92
743,Ethan,Grassot,egrassotkm@dailymail.co.uk,Male,144.143.74.205,65
744,Priscilla,Runciman,pruncimankn@deviantart.com,Female,107.121.43.42,23
745,Melinda,Suttle,msuttleko@kickstarter.com,Female,80.248.94.89,100
746,Ceciley,Margery,cmargerykp@trellian.com,Female,158.106.6.77,80
747,Jacqueline,Downe,jdownekq@themeforest.net,Female,254.44.45.126,87
748,Raina,Dredge,rdredgekr@storify.com,Bigender,148.192.19.170,14
749,Marlene,Lisciandri,mlisciandriks@netvibes.com,Female,25.244.67.65,9
750,Bertie,Dey,bdeykt@ezinearticles.com,Male,52.75.48.98,24
751,Raddy,Oakhill,roakhillku@tinyurl.com,Male,73.1.174.24,21
752,Sigmund,Beharrell,sbeharrellkv@usnews.com,Male,50.158.152.135,46
753,Persis,Gurton,pgurtonkw@pagesperso-orange.fr,Female,231.10.56.224,91
754,Avivah,Fetter,afetterkx@jugem.jp,Female,111.96.67.215,68
755,Obidiah,Garbutt,ogarbuttky@ca.gov,Genderqueer,141.74.68.130,7
756,Quinlan,Lorenz,qlorenzkz@last.fm,Male,84.78.172.98,35
757,Deloris,Matterson,dmattersonl0@tumblr.com,Female,163.178.4.166,56
758,Sal,Smoth,ssmothl1@un.org,Female,216.9.191.198,39
759,Rocky,Geffen,rgeffenl2@wired.com,Male,124.39.76.182,38
760,Lavinia,Suggey,lsuggeyl3@si.edu,Female,233.106.51.183,45
761,Lusa,Paullin,lpaullinl4@exblog.jp,Female,235.243.160.118,78
762,Basilius,Dedden,bdeddenl5@indiatimes.com,Male,0.157.225.132,90
763,Farlie,Speedy,fspeedyl6@squarespace.com,Male,91.107.86.186,88
764,Cthrine,Guiducci,cguiduccil7@japanpost.jp,Female,147.197.215.80,17
765,Eduard,Skeath,eskeathl8@shutterfly.com,Male,19.99.107.226,27
766,Maximilian,Luberti,mlubertil9@ca.gov,Male,3.110.49.178,58
767,Daffie,O'Cannavan,docannavanla@g.co,Female,188.94.15.229,90
768,Giovanna,Vardey,gvardeylb@nhs.uk,Female,248.72.140.23,88
769,Jesselyn,Wannop,jwannoplc@dailymotion.com,Female,45.119.143.99,35
770,Octavius,Munks,omunksld@reference.com,Male,247.211.59.25,84
771,Toma,Siberry,tsiberryle@photobucket.com,Female,148.172.4.139,55
772,Reinaldos,Bruno,rbrunolf@cam.ac.uk,Male,171.238.202.65,55
773,Goddart,Lillie,glillielg@diigo.com,Male,191.18.205.199,33
774,Ximenes,Tollow,xtollowlh@wired.com,Male,76.211.147.26,4
775,Brier,Girardez,bgirardezli@acquirethisname.com,Female,17.28.32.22,33
776,Lucille,Essex,lessexlj@cdc.gov,Bigender,41.179.99.144,23
777,Joyous,Grissett,jgrissettlk@typepad.com,Agender,203.115.35.250,20
778,Kurt,Blaymires,kblaymiresll@paypal.com,Male,62.14.197.80,92
779,Susie,Klewi,sklewilm@simplemachines.org,Female,130.71.216.86,35
780,Quincey,Mechi,qmechiln@moonfruit.com,Male,2.105.206.160,25
781,Rhonda,Douthwaite,rdouthwaitelo@hexun.com,Female,93.214.62.230,80
782,Cristionna,Jeffcoat,cjeffcoatlp@illinois.edu,Female,52.246.245.70,53
783,Kristi,Van Weedenburg,kvanweedenburglq@chron.com,Female,178.155.36.231,83
784,Tomlin,Camblin,tcamblinlr@printfriendly.com,Genderfluid,130.31.219.175,46
785,Torry,Circuit,tcircuitls@nifty.com,Male,186.238.203.205,46
786,Archy,Spensley,aspensleylt@howstuffworks.com,Male,228.158.179.182,30
787,Zara,De-Ville,zdevillelu@theguardian.com,Female,85.123.183.51,65
788,Burty,Chelam,bchelamlv@purevolume.com,Male,240.180.57.109,2
789,Kippy,Plewright,kplewrightlw@scribd.com,Male,129.250.127.145,8
790,Cristine,Scorthorne,cscorthornelx@digg.com,Genderqueer,244.149.236.209,46
791,Livia,Prott,lprottly@google.pl,Female,193.119.83.83,44
792,Spence,Brecknall,sbrecknalllz@deviantart.com,Male,30.236.228.27,65
793,Delora,Coverdale,dcoverdalem0@fema.gov,Female,73.174.176.222,39
794,Krissie,Palethorpe,kpalethorpem1@bloglovin.com,Female,201.26.154.177,46
795,Riobard,Tresler,rtreslerm2@gnu.org,Male,23.199.237.156,89
796,Lulu,Levin,llevinm3@feedburner.com,Female,37.101.160.215,8
797,Javier,Filchakov,jfilchakovm4@quantcast.com,Male,77.138.21.253,82
798,Hatty,Dunster,hdunsterm5@hp.com,Female,230.64.60.29,32
799,Phyllis,De Pero,pdeperom6@wisc.edu,Female,52.254.114.129,53
800,Benni,Dulling,bdullingm7@vimeo.com,Female,33.248.169.138,59
801,Joellen,Van Leeuwen,jvanleeuwenm8@mac.com,Female,220.1.226.223,91
802,Zelma,Alibone,zalibonem9@biblegateway.com,Female,24.239.120.96,1
803,Jean,Housbie,jhousbiema@webmd.com,Female,193.16.121.174,26
804,Gearard,Martensen,gmartensenmb@nyu.edu,Bigender,201.45.246.87,42
805,Alano,Keble,akeblemc@europa.eu,Bigender,86.16.21.31,79
806,Crichton,Carlesi,ccarlesimd@google.com,Male,248.145.118.254,82
807,Krishna,Rippin,krippinme@cafepress.com,Male,196.104.82.234,49
808,Clem,Duquesnay,cduquesnaymf@ibm.com,Female,45.129.128.90,73
809,Fin,Madre,fmadremg@trellian.com,Male,221.248.203.75,15
810,Sashenka,Didball,sdidballmh@businessweek.com,Female,189.87.191.137,77
811,Barret,Virgo,bvirgomi@yandex.ru,Male,99.62.48.80,9
812,Page,Karpushkin,pkarpushkinmj@vimeo.com,Male,166.252.113.110,10
813,Olympie,Burgiss,oburgissmk@sciencedirect.com,Female,88.159.84.130,77
814,Lindy,Haughton,lhaughtonml@sbwire.com,Female,208.210.26.229,41
815,Melamie,Gainsborough,mgainsboroughmm@diigo.com,Female,186.58.125.36,25
816,Henry,Ferrea,hferreamn@sohu.com,Male,118.191.252.63,6
817,Dorelia,Boal,dboalmo@stanford.edu,Female,206.161.125.246,28
818,Jamil,Burdge,jburdgemp@mayoclinic.com,Male,174.246.178.15,72
819,Fidel,Georger,fgeorgermq@businessinsider.com,Male,210.65.248.172,67
820,Shurlocke,Bartleman,sbartlemanmr@bigcartel.com,Male,184.2.5.50,1
821,Deeyn,Franckton,dfrancktonms@alexa.com,Female,150.0.23.178,73
822,Fancy,Wanklyn,fwanklynmt@jimdo.com,Female,211.197.141.196,69
823,Gerri,Dennerley,gdennerleymu@stumbleupon.com,Female,45.208.111.88,62
824,Joell,Bartul,jbartulmv@nbcnews.com,Female,64.44.197.15,73
825,Willem,Ballingal,wballingalmw@parallels.com,Male,200.1.55.35,3
826,Davon,Hart,dhartmx@free.fr,Male,173.19.208.54,89
827,Em,Grinham,egrinhammy@oakley.com,Male,166.185.77.31,49
828,Tab,Bruck,tbruckmz@china.com.cn,Male,80.240.158.239,70
829,Cullin,Everley,ceverleyn0@yandex.ru,Male,70.204.187.128,83
830,Farley,Chazotte,fchazotten1@biblegateway.com,Male,91.229.166.240,53
831,Pip,Larrad,plarradn2@aboutads.info,Male,12.216.227.183,50
832,Rees,Busswell,rbusswelln3@slideshare.net,Male,240.178.186.144,90
833,Milly,Braley,mbraleyn4@wikia.com,Female,203.148.249.227,70
834,Cristin,Heatly,cheatlyn5@addthis.com,Female,218.118.101.99,94
835,Mommy,Jikylls,mjikyllsn6@statcounter.com,Female,238.140.155.27,61
836,Deva,Bearfoot,dbearfootn7@aol.com,Non-binary,158.188.43.238,28
837,Harley,Pecey,hpeceyn8@e-recht24.de,Male,135.156.105.146,82
838,Roselia,Tookey,rtookeyn9@cbslocal.com,Female,147.117.115.242,94
839,Cobb,Poynor,cpoynorna@quantcast.com,Male,197.93.91.152,91
840,Allissa,Pudsall,apudsallnb@yolasite.com,Female,93.243.171.17,28
841,Isidro,Arndt,iarndtnc@biglobe.ne.jp,Male,160.16.28.232,68
842,Carlie,Krysztofiak,ckrysztofiaknd@instagram.com,Male,93.157.103.102,3
843,Gerick,Wavell,gwavellne@uol.com.br,Male,196.160.252.156,59
844,Yolande,Grew,ygrewnf@china.com.cn,Genderqueer,116.82.23.36,44
845,Delia,Micklem,dmicklemng@prweb.com,Female,81.69.20.172,40
846,Oren,Siehard,osiehardnh@tinyurl.com,Male,22.34.202.89,62
847,Rriocard,Olorenshaw,rolorenshawni@latimes.com,Male,230.109.75.225,78
848,Silvie,Widdowson,swiddowsonnj@hp.com,Female,224.76.187.143,60
849,Clarie,Olivella,colivellank@craigslist.org,Female,99.56.54.65,54
850,Lynnette,Chadbourn,lchadbournnl@mediafire.com,Non-binary,185.155.118.205,31
851,Dalia,Szymoni,dszymoninm@spiegel.de,Female,208.86.237.55,82
852,Kaela,Kitcher,kkitchernn@diigo.com,Female,74.249.116.76,48
853,Kelcy,Gascar,kgascarno@unesco.org,Female,193.179.193.105,62
854,Wilie,Sellens,wsellensnp@chicagotribune.com,Female,171.221.118.216,70
855,Peri,Twiddle,ptwiddlenq@slate.com,Female,43.251.222.97,43
856,Pat,Clew,pclewnr@smugmug.com,Male,91.59.128.162,93
857,Roland,Grizard,rgrizardns@usa.gov,Male,145.217.124.15,69
858,Angus,Braunds,abraundsnt@tinyurl.com,Male,48.228.48.61,80
859,Kerrin,Cantero,kcanteronu@dell.com,Female,243.133.101.221,83
860,Benedetto,Oliveira,boliveiranv@engadget.com,Male,238.114.116.185,88
861,Martie,Bold,mboldnw@loc.gov,Agender,3.153.209.165,60
862,Cordy,Webbe,cwebbenx@nih.gov,Female,150.130.53.159,38
863,Ardella,Paddie,apaddieny@amazon.com,Female,6.170.16.235,11
864,Jeanette,Olle,jollenz@china.com.cn,Female,85.95.178.71,7
865,Sigismondo,Satterley,ssatterleyo0@marriott.com,Non-binary,242.151.190.103,97
866,Leese,Leibold,lleiboldo1@mtv.com,Female,105.130.207.30,34
867,Les,Gaudon,lgaudono2@cpanel.net,Non-binary,29.243.130.189,37
868,Shepherd,Unthank,sunthanko3@ustream.tv,Male,230.85.224.72,86
869,Anthia,Dowderswell,adowderswello4@bravesites.com,Female,199.70.81.12,96
870,Christabel,Rosenblad,crosenblado5@yelp.com,Female,11.85.50.137,46
871,Emma,Christie,echristieo6@house.gov,Female,82.152.199.26,57
872,Maynord,Priestland,mpriestlando7@disqus.com,Male,152.24.244.3,58
873,Fremont,Sharratt,fsharratto8@example.com,Male,154.238.38.16,26
874,Arlee,Laminman,alaminmano9@loc.gov,Female,172.112.125.12,58
875,Rozalin,Reeves,rreevesoa@github.io,Female,251.134.87.118,51
876,Nikolaos,Chesser,nchesserob@istockphoto.com,Polygender,204.145.123.192,8
877,Goddard,Rambaut,grambautoc@sohu.com,Male,157.106.142.18,92
878,Gerek,Mattaus,gmattausod@eventbrite.com,Male,65.158.45.231,43
879,Gibb,Rising,grisingoe@mysql.com,Male,226.209.108.126,100
880,Delmor,Creebo,dcreeboof@reddit.com,Male,50.11.15.189,64
881,Damien,Toffaloni,dtoffaloniog@disqus.com,Male,111.26.247.135,29
882,Frazier,Ivakhnov,fivakhnovoh@xinhuanet.com,Male,126.123.191.16,35
883,Papagena,Yorston,pyorstonoi@nydailynews.com,Female,255.217.168.185,86
884,Ruby,Shercliff,rshercliffoj@edublogs.org,Female,243.54.159.249,92
885,Dov,Marfell,dmarfellok@zdnet.com,Male,199.44.147.251,73
886,Anna-maria,Hunn,ahunnol@si.edu,Female,74.161.195.139,84
887,Prisca,De Bischof,pdebischofom@washington.edu,Bigender,106.24.193.191,16
888,Elbertine,McGinty,emcgintyon@cocolog-nifty.com,Bigender,177.74.78.164,84
889,Karena,McPhelimy,kmcphelimyoo@xinhuanet.com,Female,118.193.198.191,66
890,Chrisy,Kilbourne,ckilbourneop@answers.com,Male,192.43.46.143,75
891,Cecilla,Dubois,cduboisoq@uiuc.edu,Female,181.72.150.209,7
892,Reamonn,Dalzell,rdalzellor@salon.com,Male,104.2.113.89,10
893,Crawford,Huntly,chuntlyos@newsvine.com,Male,90.252.159.52,89
894,Lorene,Bonhome,lbonhomeot@skype.com,Non-binary,28.130.173.176,50
895,Evangeline,Cain,ecainou@geocities.jp,Female,211.189.22.89,79
896,Krista,Fassan,kfassanov@sakura.ne.jp,Female,238.187.187.46,11
897,Marsha,Peracco,mperaccoow@ebay.co.uk,Female,243.92.172.152,84
898,Avis,de Clercq,adeclercqox@woothemes.com,Female,213.49.26.83,46
899,Cob,Rickard,crickardoy@home.pl,Male,84.182.94.212,70
900,Judith,Pegler,jpegleroz@yahoo.co.jp,Female,175.255.209.127,86
901,Dylan,Callister,dcallisterp0@google.pl,Male,55.18.170.49,32
902,Reeba,Backman,rbackmanp1@kickstarter.com,Female,250.54.20.158,16
903,Leoine,Presswell,lpresswellp2@oaic.gov.au,Female,50.57.250.142,86
904,Cristen,Burch,cburchp3@phoca.cz,Female,149.157.132.17,98
905,Christabella,Pieterick,cpieterickp4@reddit.com,Female,22.200.197.172,10
906,Prentice,Cholomin,pcholominp5@people.com.cn,Male,60.0.59.81,16
907,Westbrooke,Roscam,wroscamp6@indiatimes.com,Male,240.70.250.6,55
908,Ros,Birdwhistle,rbirdwhistlep7@xing.com,Female,153.2.141.61,50
909,Cloe,Lazare,clazarep8@meetup.com,Female,175.114.164.52,46
910,Marjory,Hurt,mhurtp9@ocn.ne.jp,Female,80.60.219.135,29
911,Murray,Scheu,mscheupa@state.tx.us,Non-binary,189.229.63.89,22
912,Dyna,Garthshore,dgarthshorepb@gizmodo.com,Female,159.98.22.50,1
913,Sheelagh,Pagett,spagettpc@jiathis.com,Female,195.180.122.176,6
914,Madison,Hounsom,mhounsompd@themeforest.net,Male,30.20.13.110,8
915,Nerta,Dungate,ndungatepe@mit.edu,Female,78.215.113.51,27
916,Dennet,Semble,dsemblepf@ucla.edu,Male,138.253.178.247,37
917,Perceval,Deinhard,pdeinhardpg@homestead.com,Male,32.82.169.128,14
918,Mohandis,Callar,mcallarph@google.es,Male,37.35.236.98,91
919,Faber,Shoesmith,fshoesmithpi@yahoo.com,Male,217.130.101.39,50
920,Saxe,Lundie,slundiepj@last.fm,Male,38.150.131.112,46
921,Trix,Kittman,tkittmanpk@fotki.com,Female,128.49.160.101,90
922,Aida,Grasser,agrasserpl@mashable.com,Female,42.251.141.63,23
923,Olive,Stembridge,ostembridgepm@ifeng.com,Female,30.132.201.187,32
924,Carlyle,Ritmeier,critmeierpn@sphinn.com,Male,149.219.97.56,66
925,Anatola,Hogbin,ahogbinpo@npr.org,Female,98.101.230.182,5
926,Celle,Artis,cartispp@census.gov,Female,77.127.206.142,4
927,Zebulon,Proudlove,zproudlovepq@nifty.com,Agender,98.119.224.64,18
928,August,Torres,atorrespr@tripod.com,Male,195.150.229.210,51
929,Blane,Tudball,btudballps@csmonitor.com,Male,255.85.92.29,79
930,Burke,Tremblet,btrembletpt@theglobeandmail.com,Male,163.92.7.52,13
931,Rhetta,Beathem,rbeathempu@gizmodo.com,Female,8.220.37.195,9
932,Gavin,Jonson,gjonsonpv@princeton.edu,Male,91.248.217.164,65
933,Rosaline,Lindstrom,rlindstrompw@pcworld.com,Female,162.172.133.111,89
934,Glyn,Northbridge,gnorthbridgepx@biblegateway.com,Male,235.186.49.5,6
935,Austina,Pryce,aprycepy@people.com.cn,Female,126.215.6.153,30
936,Gamaliel,Pobjay,gpobjaypz@sfgate.com,Male,101.160.59.119,74
937,Tabby,Gethen,tgethenq0@sina.com.cn,Male,81.140.153.190,89
938,Will,Simcoe,wsimcoeq1@prlog.org,Male,54.102.162.244,46
939,Ches,Erskine Sandys,cerskinesandysq2@telegraph.co.uk,Non-binary,136.111.238.149,49
940,Perice,Ferraretto,pferrarettoq3@xing.com,Male,13.48.175.0,4
941,Estel,Stanlike,estanlikeq4@google.com.au,Female,138.221.248.7,27
942,Thorndike,Laurant,tlaurantq5@tripod.com,Male,54.180.110.23,99
943,Jeffy,Munning,jmunningq6@woothemes.com,Male,39.195.111.190,100
944,Mel,Pomfrey,mpomfreyq7@smh.com.au,Male,235.29.77.201,48
945,Hermy,Plows,hplowsq8@alexa.com,Male,206.234.252.8,34
946,Margaret,Dahlberg,mdahlbergq9@mit.edu,Female,35.94.143.230,16
947,Hans,Broadist,hbroadistqa@utexas.edu,Male,248.211.121.68,11
948,Nyssa,Fox,nfoxqb@fastcompany.com,Female,58.57.148.87,37
949,Joycelin,McAdam,jmcadamqc@baidu.com,Female,61.163.190.70,69
950,Hadria,Sowman,hsowmanqd@prweb.com,Female,39.255.119.186,58
951,Parnell,Matitiaho,pmatitiahoqe@ucsd.edu,Male,129.96.216.255,94
952,Lief,Mitrovic,lmitrovicqf@nbcnews.com,Male,9.205.123.109,45
953,Briant,Newark,bnewarkqg@acquirethisname.com,Male,156.147.56.204,11
954,Haroun,Galfour,hgalfourqh@cbsnews.com,Male,151.100.27.109,99
955,Brennen,Extill,bextillqi@yellowpages.com,Male,46.0.72.112,9
956,Julianna,L'Hommeau,jlhommeauqj@bizjournals.com,Female,251.135.244.210,38
957,Romain,Farmar,rfarmarqk@printfriendly.com,Male,177.84.80.75,58
958,Francois,Wettern,fwetternql@eventbrite.com,Male,132.180.173.116,9
959,Pepito,Lightfoot,plightfootqm@4shared.com,Male,130.70.103.50,41
960,Chad,Lightfoot,clightfootqn@list-manage.com,Male,78.1.28.123,76
961,Tina,Cudde,tcuddeqo@drupal.org,Female,237.58.29.196,30
962,Dorian,Moraleda,dmoraledaqp@dell.com,Female,201.236.79.130,16
963,Darcie,Scammonden,dscammondenqq@umn.edu,Female,140.249.149.165,50
964,Aylmer,Crenage,acrenageqr@unblog.fr,Male,83.82.15.105,64
965,Lorain,Mounfield,lmounfieldqs@oakley.com,Genderqueer,252.82.148.124,64
966,Mikey,Heart,mheartqt@blinklist.com,Male,191.32.135.127,4
967,Dasi,Lemerle,dlemerlequ@qq.com,Female,238.180.23.127,44
968,Helenka,Sheringham,hsheringhamqv@shinystat.com,Female,149.143.17.39,56
969,Mandi,Voff,mvoffqw@yahoo.com,Female,127.136.88.102,65
970,Culley,Christopher,cchristopherqx@bbb.org,Male,18.180.235.8,9
971,Amery,Kimber,akimberqy@newsvine.com,Male,93.180.104.2,98
972,Greer,Darkott,gdarkottqz@shareasale.com,Female,95.128.81.184,45
973,Kiley,Gabrieli,kgabrielir0@shinystat.com,Male,246.178.201.190,15
974,Nana,Thirlwall,nthirlwallr1@icq.com,Female,117.125.2.163,25
975,Zonnya,Cherry,zcherryr2@goo.ne.jp,Polygender,33.248.56.88,41
976,Veronique,Gagen,vgagenr3@go.com,Female,158.40.43.203,3
977,Winifield,Broadfoot,wbroadfootr4@globo.com,Male,141.35.99.144,5
978,Heather,Finnis,hfinnisr5@wiley.com,Female,56.107.161.84,27
979,Gibbie,O'Harney,goharneyr6@wp.com,Male,80.45.123.91,62
980,Giraud,Brace,gbracer7@nps.gov,Male,144.188.206.79,24
981,Genna,Whitwham,gwhitwhamr8@vkontakte.ru,Female,92.42.170.173,4
982,Robenia,Leaming,rleamingr9@livejournal.com,Female,237.58.136.177,27
983,Janean,Deignan,jdeignanra@linkedin.com,Female,50.175.140.18,35
984,Nannette,Earney,nearneyrb@1und1.de,Female,39.104.74.167,89
985,Tucky,Hardingham,thardinghamrc@cnn.com,Male,193.236.29.10,35
986,Elisa,Moar,emoarrd@yahoo.co.jp,Female,189.171.67.167,36
987,Sawyer,Gladdor,sgladdorre@usnews.com,Male,234.164.234.92,56
988,Sumner,MacKerley,smackerleyrf@geocities.jp,Male,42.189.184.112,57
989,Thane,Noor,tnoorrg@berkeley.edu,Male,21.104.204.150,18
990,Thibaut,Archdeckne,tarchdecknerh@vimeo.com,Male,171.158.27.182,14
991,Hildy,Giraudou,hgiraudouri@mayoclinic.com,Female,51.154.136.12,57
992,Ashley,Petracco,apetraccorj@uiuc.edu,Non-binary,7.62.30.61,80
993,Giles,Gozzett,ggozzettrk@fastcompany.com,Male,185.233.191.12,67
994,Rennie,Slany,rslanyrl@jugem.jp,Female,96.65.59.22,97
995,Debora,Trime,dtrimerm@lycos.com,Female,54.226.28.245,57
996,Portie,Orcott,porcottrn@yelp.com,Male,77.248.213.95,63
997,Tanny,Lomasney,tlomasneyro@businessinsider.com,Male,224.165.124.224,53
998,Orelia,Barkway,obarkwayrp@cyberchimps.com,Female,120.23.132.125,17
999,Cirilo,Merrien,cmerrienrq@scribd.com,Male,128.102.116.22,95
1000,Verine,Basant,vbasantrr@symantec.com,Female,47.250.32.44,53
